transaction_id,event_date,posted_at,user_id,account_id,transaction_type,status,category,merchant,description,original_amount,currency,fx_rate_to_rub,amount_rub,direction,source,import_batch,external_id,related_transaction_id,is_duplicate,needs_review,error_code
TRANSACTION-3001,2026-01-01,2026-01-01T09:00:00+03:00,U-1001,ACC-MAIN-RUB,expense,posted,housing,Арендодатель,Ежемесячная аренда,55000,RUB,1,-55000,debit,bank_csv,BATCH-202601-01,BANK-202601-000001,,false,false,
TRANSACTION-3002,2026-01-01,2026-01-01T17:37:00+03:00,U-1001,ACC-MAIN-RUB,expense,posted,transport,Каршеринг,Короткая поездка,564,RUB,1,-564,debit,bank_csv,BATCH-202601-01,BANK-202601-000002,,false,false,
TRANSACTION-3003,2026-01-02,2026-01-02T12:25:00+03:00,U-1001,ACC-MAIN-RUB,expense,posted,transport,Каршеринг,Короткая поездка,473,RUB,1,-473,debit,bank_csv,BATCH-202601-01,BANK-202601-000003,,false,false,
TRANSACTION-3004,2026-01-02,2026-01-02T13:37:00+03:00,U-1001,ACC-MAIN-RUB,expense,posted,restaurants,Кофейня,Кофе и перекус,1282,RUB,1,-1282,debit,bank_csv,BATCH-202601-01,BANK-202601-000004,,false,false,
TRANSACTION-3005,2026-01-03,2026-01-03T07:00:00+03:00,U-1001,ACC-MAIN-RUB,expense,posted,subscriptions,Музыка,Ежемесячная подписка,399,RUB,1,-399,debit,bank_csv,BATCH-202601-01,BANK-202601-000005,,false,false,
TRANSACTION-3006,2026-01-03,2026-01-03T18:20:00+03:00,U-1001,ACC-MAIN-RUB,expense,posted,groceries,ВкусВилл,Покупка продуктов,5795,RUB,1,-5795,debit,bank_csv,BATCH-202601-01,BANK-202601-000006,,false,false,
TRANSACTION-3007,2026-01-04,2026-01-04T20:00:00+03:00,U-1001,ACC-MAIN-RUB,expense,posted,entertainment,Книжный клуб,Встреча и мероприятие,3007,RUB,1,-3007,debit,bank_csv,BATCH-202601-01,BANK-202601-000007,,false,false,
TRANSACTION-3008,2026-01-05,2026-01-05T10:00:00+03:00,U-1001,ACC-MAIN-RUB,income,posted,salary,Работодатель,"Зарплата, первая часть",95000,RUB,1,95000,credit,bank_csv,BATCH-202601-01,BANK-202601-000008,,false,false,
TRANSACTION-3009,2026-01-05,2026-01-05T11:40:00+03:00,U-1001,ACC-MAIN-RUB,expense,posted,transport,Такси,Поездка по городу,338,RUB,1,-338,debit,bank_csv,BATCH-202601-01,BANK-202601-000009,,false,false,
TRANSACTION-3010,2026-01-06,2026-01-06T08:57:00+03:00,U-1001,ACC-MAIN-RUB,expense,posted,transport,Каршеринг,Короткая поездка,578,RUB,1,-578,debit,bank_csv,BATCH-202601-01,BANK-202601-000010,,false,false,
TRANSACTION-3011,2026-01-06,2026-01-06T18:42:00+03:00,U-1001,ACC-MAIN-RUB,expense,posted,groceries,Лента,Продукты и бытовые товары,4733,RUB,1,-4733,debit,bank_csv,BATCH-202601-01,BANK-202601-000011,,false,false,
TRANSACTION-3013,2026-01-07,2026-01-07T13:50:00+03:00,U-1001,ACC-MAIN-RUB,expense,posted,restaurants,Бистро,Обед вне дома,2163,RUB,1,-2163,debit,bank_csv,BATCH-202601-01,BANK-202601-000013,,false,false,
TRANSACTION-3012,2026-01-07,2026-01-07T15:23:00+03:00,U-1001,ACC-MAIN-RUB,expense,posted,transport,Метро,Поездка на общественном транспорте,143,RUB,1,-143,debit,bank_csv,BATCH-202601-01,BANK-202601-000012,,false,false,
TRANSACTION-3014,2026-01-08,2026-01-08T08:00:00+03:00,U-1001,ACC-MAIN-RUB,expense,posted,utilities,Коммунальные услуги,"Квартплата, вода и электричество",4420,RUB,1,-4420,debit,bank_csv,BATCH-202601-01,BANK-202601-000014,,false,false,
TRANSACTION-3015,2026-01-09,2026-01-09T11:38:00+03:00,U-1001,ACC-MAIN-RUB,expense,posted,transport,Такси,Поездка по городу,771,RUB,1,-771,debit,bank_csv,BATCH-202601-01,BANK-202601-000015,,false,false,
TRANSACTION-3016,2026-01-09,2026-01-09T13:29:00+03:00,U-1001,ACC-MAIN-RUB,expense,posted,restaurants,Доставка еды,Доставка ужина,1455,RUB,1,-1455,debit,bank_csv,BATCH-202601-01,BANK-202601-000016,,false,false,
TRANSACTION-3017,2026-01-10,2026-01-10T18:09:00+03:00,U-1001,ACC-MAIN-RUB,expense,posted,groceries,Лента,Продукты и бытовые товары,5350,RUB,1,-5350,debit,bank_csv,BATCH-202601-01,BANK-202601-000017,,false,false,
TRANSACTION-3018,2026-01-11,2026-01-11T20:00:00+03:00,U-1001,ACC-MAIN-RUB,expense,posted,entertainment,Книжный клуб,Встреча и мероприятие,1943,RUB,1,-1943,debit,bank_csv,BATCH-202601-01,BANK-202601-000018,,false,false,
TRANSACTION-3019,2026-01-12,2026-01-12T07:00:00+03:00,U-1001,ACC-MAIN-RUB,expense,posted,subscriptions,Облачное хранилище,Ежемесячная подписка,599,RUB,1,-599,debit,bank_csv,BATCH-202601-01,BANK-202601-000019,,false,false,
TRANSACTION-3020,2026-01-12,2026-01-12T08:20:00+03:00,U-1001,ACC-MAIN-RUB,expense,posted,transport,Такси,Поездка по городу,674,RUB,1,-674,debit,bank_csv,BATCH-202601-01,BANK-202601-000020,,false,false,
TRANSACTION-3021,2026-01-13,2026-01-13T18:10:00+03:00,U-1001,ACC-MAIN-RUB,expense,posted,groceries,Рынок,Овощи и фрукты,4408,RUB,1,-4408,debit,bank_csv,BATCH-202601-01,BANK-202601-000021,,false,false,
TRANSACTION-3022,2026-01-14,2026-01-14T13:45:00+03:00,U-1001,ACC-MAIN-RUB,expense,posted,restaurants,Бистро,Обед вне дома,1655,RUB,1,-1655,debit,bank_csv,BATCH-202601-01,BANK-202601-000022,,false,false,
TRANSACTION-3023,2026-01-15,2026-01-15T10:37:00+03:00,U-1001,ACC-MAIN-RUB,expense,posted,transport,Метро,Поездка на общественном транспорте,105,RUB,1,-105,debit,bank_csv,BATCH-202601-01,BANK-202601-000023,,false,false,
TRANSACTION-3025,2026-01-16,2026-01-16T13:38:00+03:00,U-1001,ACC-MAIN-RUB,expense,posted,restaurants,Доставка еды,Доставка ужина,679,RUB,1,-679,debit,bank_csv,BATCH-202601-01,BANK-202601-000025,,false,false,
TRANSACTION-3024,2026-01-16,2026-01-16T13:54:00+03:00,U-1001,ACC-MAIN-RUB,expense,posted,transport,Такси,Поездка по городу,983,RUB,1,-983,debit,bank_csv,BATCH-202601-01,BANK-202601-000024,,false,false,
TRANSACTION-3026,2026-01-17,2026-01-17T07:00:00+03:00,U-1001,ACC-MAIN-RUB,expense,posted,subscriptions,Онлайн-кинотеатр,Ежемесячная подписка,799,RUB,1,-799,debit,bank_csv,BATCH-202601-01,BANK-202601-000026,,false,false,
TRANSACTION-3027,2026-01-17,2026-01-17T18:55:00+03:00,U-1001,ACC-MAIN-RUB,expense,posted,groceries,Рынок,Овощи и фрукты,2924,RUB,1,-2924,debit,bank_csv,BATCH-202601-01,BANK-202601-000027,,false,false,
TRANSACTION-3028,2026-01-19,2026-01-19T18:39:00+03:00,U-1001,ACC-MAIN-RUB,expense,posted,transport,Такси,Поездка по городу,994,RUB,1,-994,debit,bank_csv,BATCH-202601-01,BANK-202601-000028,,false,false,
TRANSACTION-3029,2026-01-20,2026-01-20T10:00:00+03:00,U-1001,ACC-MAIN-RUB,income,posted,salary,Работодатель,"Зарплата, вторая часть",65000,RUB,1,65000,credit,bank_csv,BATCH-202601-01,BANK-202601-000029,,false,false,
TRANSACTION-3030,2026-01-20,2026-01-20T15:30:00+03:00,U-1001,ACC-MAIN-RUB,expense,posted,transport,Такси,Поездка по городу,1206,RUB,1,-1206,debit,bank_csv,BATCH-202601-01,BANK-202601-000030,,false,false,
TRANSACTION-3031,2026-01-20,2026-01-20T18:14:00+03:00,U-1001,ACC-MAIN-RUB,expense,posted,groceries,Рынок,Овощи и фрукты,5685,RUB,1,-5685,debit,bank_csv,BATCH-202601-01,BANK-202601-000031,,false,false,
TRANSACTION-3033,2026-01-21,2026-01-21T13:38:00+03:00,U-1001,ACC-MAIN-RUB,expense,posted,restaurants,Бистро,Обед вне дома,1715,RUB,1,-1715,debit,bank_csv,BATCH-202601-01,BANK-202601-000033,,false,false,
TRANSACTION-3032,2026-01-21,2026-01-21T18:41:00+03:00,U-1001,ACC-MAIN-RUB,expense,posted,transport,Метро,Поездка на общественном транспорте,82,RUB,1,-82,debit,bank_csv,BATCH-202601-01,BANK-202601-000032,,false,false,
TRANSACTION-3034,2026-01-23,2026-01-23T13:15:00+03:00,U-1001,ACC-MAIN-RUB,expense,posted,transport,Такси,Поездка по городу,570,RUB,1,-570,debit,bank_csv,BATCH-202601-01,BANK-202601-000034,,false,false,
TRANSACTION-3035,2026-01-23,2026-01-23T13:31:00+03:00,U-1001,ACC-MAIN-RUB,expense,posted,restaurants,Доставка еды,Доставка ужина,1852,RUB,1,-1852,debit,bank_csv,BATCH-202601-01,BANK-202601-000035,,false,false,
TRANSACTION-3036,2026-01-24,2026-01-24T18:02:00+03:00,U-1001,ACC-MAIN-RUB,expense,posted,groceries,Перекрёсток,Покупка продуктов,5233,RUB,1,-5233,debit,bank_csv,BATCH-202601-01,BANK-202601-000036,,false,false,
TRANSACTION-3037,2026-01-26,2026-01-26T11:46:00+03:00,U-1001,ACC-MAIN-RUB,expense,posted,transport,Каршеринг,Короткая поездка,465,RUB,1,-465,debit,bank_csv,BATCH-202601-01,BANK-202601-000037,,false,false,
TRANSACTION-3038,2026-01-27,2026-01-27T13:38:00+03:00,U-1001,ACC-MAIN-RUB,expense,posted,transport,Метро,Поездка на общественном транспорте,98,RUB,1,-98,debit,bank_csv,BATCH-202601-01,BANK-202601-000038,,false,false,
TRANSACTION-3039,2026-01-27,2026-01-27T18:52:00+03:00,U-1001,ACC-MAIN-RUB,expense,posted,groceries,Лента,Продукты и бытовые товары,5605,RUB,1,-5605,debit,bank_csv,BATCH-202601-01,BANK-202601-000039,,false,false,
TRANSACTION-3041,2026-01-28,2026-01-28T13:26:00+03:00,U-1001,ACC-MAIN-RUB,expense,posted,restaurants,Доставка еды,Доставка ужина,793,RUB,1,-793,debit,bank_csv,BATCH-202601-01,BANK-202601-000041,,false,false,
TRANSACTION-3040,2026-01-28,2026-01-28T18:23:00+03:00,U-1001,ACC-MAIN-RUB,expense,posted,transport,Метро,Поездка на общественном транспорте,111,RUB,1,-111,debit,bank_csv,BATCH-202601-01,BANK-202601-000040,,false,false,
TRANSACTION-3042,2026-01-29,2026-01-29T10:04:00+03:00,U-1001,ACC-MAIN-RUB,expense,posted,transport,Каршеринг,Короткая поездка,819,RUB,1,-819,debit,bank_csv,BATCH-202601-01,BANK-202601-000042,,false,false,
TRANSACTION-3043,2026-01-30,2026-01-30T11:14:00+03:00,U-1001,ACC-MAIN-RUB,expense,posted,transport,Каршеринг,Короткая поездка,664,RUB,1,-664,debit,bank_csv,BATCH-202601-01,BANK-202601-000043,,false,false,
TRANSACTION-3044,2026-01-30,2026-01-30T13:27:00+03:00,U-1001,ACC-MAIN-RUB,expense,posted,restaurants,Доставка еды,Доставка ужина,2049,RUB,1,-2049,debit,bank_csv,BATCH-202601-01,BANK-202601-000044,,false,false,
TRANSACTION-3045,2026-01-31,2026-01-31T18:11:00+03:00,U-1001,ACC-MAIN-RUB,expense,posted,groceries,ВкусВилл,Покупка продуктов,5079,RUB,1,-5079,debit,bank_csv,BATCH-202601-01,BANK-202601-000045,,false,false,
TRANSACTION-3046,2026-02-01,2026-02-01T09:00:00+03:00,U-1001,ACC-MAIN-RUB,expense,posted,housing,Арендодатель,Ежемесячная аренда,55000,RUB,1,-55000,debit,bank_csv,BATCH-202602-01,BANK-202602-000046,,false,false,
TRANSACTION-3047,2026-02-01,2026-02-01T20:00:00+03:00,U-1001,ACC-MAIN-RUB,expense,posted,entertainment,Концертная площадка,Билет на мероприятие,1303,RUB,1,-1303,debit,bank_csv,BATCH-202602-01,BANK-202602-000047,,false,false,
TRANSACTION-3048,2026-02-02,2026-02-02T11:10:00+03:00,U-1001,ACC-MAIN-RUB,expense,posted,transport,Метро,Поездка на общественном транспорте,105,RUB,1,-105,debit,bank_csv,BATCH-202602-01,BANK-202602-000048,,false,false,
TRANSACTION-3049,2026-02-03,2026-02-03T07:00:00+03:00,U-1001,ACC-MAIN-RUB,expense,posted,subscriptions,Музыка,Ежемесячная подписка,399,RUB,1,-399,debit,bank_csv,BATCH-202602-01,BANK-202602-000049,,false,false,
TRANSACTION-3050,2026-02-03,2026-02-03T18:30:00+03:00,U-1001,ACC-MAIN-RUB,expense,posted,groceries,Рынок,Овощи и фрукты,2599,RUB,1,-2599,debit,bank_csv,BATCH-202602-01,BANK-202602-000050,,false,false,
TRANSACTION-3051,2026-02-04,2026-02-04T11:54:00+03:00,U-1001,ACC-MAIN-RUB,expense,posted,transport,Метро,Поездка на общественном транспорте,105,RUB,1,-105,debit,bank_csv,BATCH-202602-01,BANK-202602-000051,,false,false,
TRANSACTION-3052,2026-02-04,2026-02-04T13:54:00+03:00,U-1001,ACC-MAIN-RUB,expense,posted,restaurants,Доставка еды,Доставка ужина,1453,RUB,1,-1453,debit,bank_csv,BATCH-202602-01,BANK-202602-000052,,false,false,
TRANSACTION-3053,2026-02-05,2026-02-05T10:00:00+03:00,U-1001,ACC-MAIN-RUB,income,posted,salary,Работодатель,"Зарплата, первая часть",95000,RUB,1,95000,credit,bank_csv,BATCH-202602-01,BANK-202602-000053,,false,false,
TRANSACTION-3054,2026-02-06,2026-02-06T10:30:00+03:00,U-1001,ACC-MAIN-RUB,expense,posted,transport,Такси,Поездка по городу,553,RUB,1,-553,debit,bank_csv,BATCH-202602-01,BANK-202602-000054,,false,false,
TRANSACTION-3055,2026-02-06,2026-02-06T13:28:00+03:00,U-1001,ACC-MAIN-RUB,expense,posted,restaurants,Кофейня,Кофе и перекус,1786,RUB,1,-1786,debit,bank_csv,BATCH-202602-01,BANK-202602-000055,,false,false,
TRANSACTION-3056,2026-02-07,2026-02-07T18:57:00+03:00,U-1001,ACC-MAIN-RUB,expense,posted,groceries,Лента,Продукты и бытовые товары,5849,RUB,1,-5849,debit,bank_csv,BATCH-202602-01,BANK-202602-000056,,false,false,
TRANSACTION-3057,2026-02-08,2026-02-08T08:00:00+03:00,U-1001,ACC-MAIN-RUB,expense,posted,utilities,Коммунальные услуги,"Квартплата, вода и электричество",4540,RUB,1,-4540,debit,bank_csv,BATCH-202602-01,BANK-202602-000057,,false,false,
TRANSACTION-3058,2026-02-10,2026-02-10T18:54:00+03:00,U-1001,ACC-MAIN-RUB,expense,posted,groceries,Лента,Продукты и бытовые товары,2843,RUB,1,-2843,debit,bank_csv,BATCH-202602-01,BANK-202602-000058,,false,false,
TRANSACTION-3059,2026-02-11,2026-02-11T09:45:00+03:00,U-1001,ACC-MAIN-RUB,expense,posted,transport,Метро,Поездка на общественном транспорте,104,RUB,1,-104,debit,bank_csv,BATCH-202602-01,BANK-202602-000059,,false,false,
TRANSACTION-3060,2026-02-11,2026-02-11T13:36:00+03:00,U-1001,ACC-MAIN-RUB,expense,posted,restaurants,Кофейня,Кофе и перекус,1737,RUB,1,-1737,debit,bank_csv,BATCH-202602-01,BANK-202602-000060,,false,false,
TRANSACTION-3061,2026-02-12,2026-02-12T07:00:00+03:00,U-1001,ACC-MAIN-RUB,expense,posted,subscriptions,Облачное хранилище,Ежемесячная подписка,599,RUB,1,-599,debit,bank_csv,BATCH-202602-01,BANK-202602-000061,,false,false,
TRANSACTION-3062,2026-02-12,2026-02-12T17:31:00+03:00,U-1001,ACC-MAIN-RUB,expense,posted,transport,Метро,Поездка на общественном транспорте,1002,RUB,1,-1002,debit,bank_csv,BATCH-202602-01,BANK-202602-000062,,false,false,
TRANSACTION-3063,2026-02-13,2026-02-13T13:44:00+03:00,U-1001,ACC-MAIN-RUB,expense,posted,restaurants,Бистро,Обед вне дома,744,RUB,1,-744,debit,bank_csv,BATCH-202602-01,BANK-202602-000063,,false,false,
TRANSACTION-3295,2026-02-14,2026-02-14T16:00:00+03:00,U-1001,ACC-MAIN-RUB,expense,posted,health,Клиника,Плановый приём врача,6200,RUB,1,-6200,debit,bank_csv,BATCH-202602-01,BANK-202602-000295,,false,false,
TRANSACTION-3064,2026-02-14,2026-02-14T18:26:00+03:00,U-1001,ACC-MAIN-RUB,expense,posted,groceries,Рынок,Овощи и фрукты,3182,RUB,1,-3182,debit,bank_csv,BATCH-202602-01,BANK-202602-000064,,false,false,
TRANSACTION-3065,2026-02-17,2026-02-17T07:00:00+03:00,U-1001,ACC-MAIN-RUB,expense,posted,subscriptions,Онлайн-кинотеатр,Ежемесячная подписка,799,RUB,1,-799,debit,bank_csv,BATCH-202602-01,BANK-202602-000065,,false,false,
TRANSACTION-3066,2026-02-17,2026-02-17T15:16:00+03:00,U-1001,ACC-MAIN-RUB,expense,posted,transport,Такси,Поездка по городу,1222,RUB,1,-1222,debit,bank_csv,BATCH-202602-01,BANK-202602-000066,,false,false,
TRANSACTION-3067,2026-02-17,2026-02-17T18:05:00+03:00,U-1001,ACC-MAIN-RUB,expense,posted,groceries,ВкусВилл,Покупка продуктов,2771,RUB,1,-2771,debit,bank_csv,BATCH-202602-01,BANK-202602-000067,,false,false,
TRANSACTION-3069,2026-02-18,2026-02-18T13:29:00+03:00,U-1001,ACC-MAIN-RUB,expense,posted,restaurants,Кофейня,Кофе и перекус,2314,RUB,1,-2314,debit,bank_csv,BATCH-202602-01,BANK-202602-000069,,false,false,
TRANSACTION-3068,2026-02-18,2026-02-18T13:44:00+03:00,U-1001,ACC-MAIN-RUB,expense,posted,transport,Метро,Поездка на общественном транспорте,109,RUB,1,-109,debit,bank_csv,BATCH-202602-01,BANK-202602-000068,,false,false,
TRANSACTION-3070,2026-02-19,2026-02-19T15:29:00+03:00,U-1001,ACC-MAIN-RUB,expense,posted,transport,Метро,Поездка на общественном транспорте,125,RUB,1,-125,debit,bank_csv,BATCH-202602-01,BANK-202602-000070,,false,false,
TRANSACTION-3071,2026-02-20,2026-02-20T10:00:00+03:00,U-1001,ACC-MAIN-RUB,income,posted,salary,Работодатель,"Зарплата, вторая часть",65000,RUB,1,65000,credit,bank_csv,BATCH-202602-01,BANK-202602-000071,,false,false,
TRANSACTION-3072,2026-02-20,2026-02-20T12:55:00+03:00,U-1001,ACC-MAIN-RUB,expense,posted,transport,Метро,Поездка на общественном транспорте,143,RUB,1,-143,debit,bank_csv,BATCH-202602-01,BANK-202602-000072,,false,false,
TRANSACTION-3073,2026-02-20,2026-02-20T13:27:00+03:00,U-1001,ACC-MAIN-RUB,expense,posted,restaurants,Бистро,Обед вне дома,818,RUB,1,-818,debit,bank_csv,BATCH-202602-01,BANK-202602-000073,,false,false,
TRANSACTION-3074,2026-02-21,2026-02-21T18:57:00+03:00,U-1001,ACC-MAIN-RUB,expense,posted,groceries,Рынок,Овощи и фрукты,3879,RUB,1,-3879,debit,bank_csv,BATCH-202602-01,BANK-202602-000074,,false,false,
TRANSACTION-3075,2026-02-22,2026-02-22T20:00:00+03:00,U-1001,ACC-MAIN-RUB,expense,posted,entertainment,Кинотеатр,Билеты в кино,4099,RUB,1,-4099,debit,bank_csv,BATCH-202602-01,BANK-202602-000075,,false,false,
TRANSACTION-3076,2026-02-23,2026-02-23T12:14:00+03:00,U-1001,ACC-MAIN-RUB,expense,posted,transport,Каршеринг,Короткая поездка,718,RUB,1,-718,debit,bank_csv,BATCH-202602-01,BANK-202602-000076,,false,false,
TRANSACTION-3077,2026-02-24,2026-02-24T18:10:00+03:00,U-1001,ACC-MAIN-RUB,expense,posted,groceries,Рынок,Овощи и фрукты,3274,RUB,1,-3274,debit,bank_csv,BATCH-202602-01,BANK-202602-000077,,false,false,
TRANSACTION-3078,2026-02-25,2026-02-25T08:27:00+03:00,U-1001,ACC-MAIN-RUB,expense,posted,transport,Метро,Поездка на общественном транспорте,78,RUB,1,-78,debit,bank_csv,BATCH-202602-01,BANK-202602-000078,,false,false,
TRANSACTION-3079,2026-02-25,2026-02-25T13:56:00+03:00,U-1001,ACC-MAIN-RUB,expense,posted,restaurants,Бистро,Обед вне дома,732,RUB,1,-732,debit,bank_csv,BATCH-202602-01,BANK-202602-000079,,false,false,
TRANSACTION-3080,2026-02-26,2026-02-26T10:17:00+03:00,U-1001,ACC-MAIN-RUB,expense,posted,transport,Метро,Поездка на общественном транспорте,116,RUB,1,-116,debit,bank_csv,BATCH-202602-01,BANK-202602-000080,,false,false,
TRANSACTION-3081,2026-02-27,2026-02-27T13:35:00+03:00,U-1001,ACC-MAIN-RUB,expense,posted,restaurants,Доставка еды,Доставка ужина,1598,RUB,1,-1598,debit,bank_csv,BATCH-202602-01,BANK-202602-000081,,false,false,
TRANSACTION-3082,2026-02-28,2026-02-28T18:23:00+03:00,U-1001,ACC-MAIN-RUB,expense,posted,groceries,Лента,Продукты и бытовые товары,2949,RUB,1,-2949,debit,bank_csv,BATCH-202602-01,BANK-202602-000082,,false,false,
TRANSACTION-3083,2026-03-01,2026-03-01T09:00:00+03:00,U-1001,ACC-MAIN-RUB,expense,posted,housing,Арендодатель,Ежемесячная аренда,55000,RUB,1,-55000,debit,bank_csv,BATCH-202603-01,BANK-202603-000083,,false,false,
TRANSACTION-3084,2026-03-01,2026-03-01T20:00:00+03:00,U-1001,ACC-MAIN-RUB,expense,posted,entertainment,Кинотеатр,Билеты в кино,2255,RUB,1,-2255,debit,bank_csv,BATCH-202603-01,BANK-202603-000084,,false,false,
TRANSACTION-3085,2026-03-02,2026-03-02T09:34:00+03:00,U-1001,ACC-MAIN-RUB,expense,posted,transport,Такси,Поездка по городу,551,RUB,1,-551,debit,bank_csv,BATCH-202603-01,BANK-202603-000085,,false,false,
TRANSACTION-3086,2026-03-03,2026-03-03T07:00:00+03:00,U-1001,ACC-MAIN-RUB,expense,posted,subscriptions,Музыка,Ежемесячная подписка,399,RUB,1,-399,debit,bank_csv,BATCH-202603-01,BANK-202603-000086,,false,false,
TRANSACTION-3087,2026-03-03,2026-03-03T17:42:00+03:00,U-1001,ACC-MAIN-RUB,expense,posted,transport,Каршеринг,Короткая поездка,346,RUB,1,-346,debit,bank_csv,BATCH-202603-01,BANK-202603-000087,,false,false,
TRANSACTION-3088,2026-03-03,2026-03-03T18:56:00+03:00,U-1001,ACC-MAIN-RUB,expense,posted,groceries,Лента,Продукты и бытовые товары,6027,RUB,1,-6027,debit,bank_csv,BATCH-202603-01,BANK-202603-000088,,false,false,
TRANSACTION-3090,2026-03-04,2026-03-04T13:02:00+03:00,U-1001,ACC-MAIN-RUB,expense,posted,restaurants,Бистро,Обед вне дома,1018,RUB,1,-1018,debit,bank_csv,BATCH-202603-01,BANK-202603-000090,,false,false,
TRANSACTION-3089,2026-03-04,2026-03-04T17:03:00+03:00,U-1001,ACC-MAIN-RUB,expense,posted,transport,Такси,Поездка по городу,633,RUB,1,-633,debit,bank_csv,BATCH-202603-01,BANK-202603-000089,,false,false,
TRANSACTION-3091,2026-03-05,2026-03-05T10:00:00+03:00,U-1001,ACC-MAIN-RUB,income,posted,salary,Работодатель,"Зарплата, первая часть",95000,RUB,1,95000,credit,bank_csv,BATCH-202603-01,BANK-202603-000091,,false,false,
TRANSACTION-3092,2026-03-06,2026-03-06T13:37:00+03:00,U-1001,ACC-MAIN-RUB,expense,posted,restaurants,Доставка еды,Доставка ужина,653,RUB,1,-653,debit,bank_csv,BATCH-202603-01,BANK-202603-000092,,false,false,
TRANSACTION-3093,2026-03-07,2026-03-07T18:12:00+03:00,U-1001,ACC-MAIN-RUB,expense,posted,groceries,ВкусВилл,Покупка продуктов,5989,RUB,1,-5989,debit,bank_csv,BATCH-202603-01,BANK-202603-000093,,false,false,
TRANSACTION-3094,2026-03-08,2026-03-08T08:00:00+03:00,U-1001,ACC-MAIN-RUB,expense,posted,utilities,Коммунальные услуги,"Квартплата, вода и электричество",4660,RUB,1,-4660,debit,bank_csv,BATCH-202603-01,BANK-202603-000094,,false,false,
TRANSACTION-3095,2026-03-08,2026-03-08T20:00:00+03:00,U-1001,ACC-MAIN-RUB,expense,posted,entertainment,Концертная площадка,Билет на мероприятие,1911,RUB,1,-1911,debit,bank_csv,BATCH-202603-01,BANK-202603-000095,,false,false,
TRANSACTION-3096,2026-03-09,2026-03-09T08:29:00+03:00,U-1001,ACC-MAIN-RUB,expense,posted,transport,Каршеринг,Короткая поездка,667,RUB,1,-667,debit,bank_csv,BATCH-202603-01,BANK-202603-000096,,false,false,
TRANSACTION-3296,2026-03-09,2026-03-09T11:00:00+03:00,U-1001,ACC-MAIN-RUB,expense,posted,education,Курс Python,Оплата учебного курса,14900,RUB,1,-14900,debit,bank_csv,BATCH-202603-01,BANK-202603-000296,,false,false,
TRANSACTION-3097,2026-03-10,2026-03-10T18:08:00+03:00,U-1001,ACC-MAIN-RUB,expense,posted,groceries,Лента,Продукты и бытовые товары,3137,RUB,1,-3137,debit,bank_csv,BATCH-202603-01,BANK-202603-000097,,false,false,
TRANSACTION-3099,2026-03-11,2026-03-11T13:49:00+03:00,U-1001,ACC-MAIN-RUB,expense,posted,restaurants,Доставка еды,Доставка ужина,2378,RUB,1,-2378,debit,bank_csv,BATCH-202603-01,BANK-202603-000099,,false,false,
TRANSACTION-3098,2026-03-11,2026-03-11T14:17:00+03:00,U-1001,ACC-MAIN-RUB,expense,posted,transport,Такси,Поездка по городу,666,RUB,1,-666,debit,bank_csv,BATCH-202603-01,BANK-202603-000098,,false,false,
TRANSACTION-3100,2026-03-12,2026-03-12T07:00:00+03:00,U-1001,ACC-MAIN-RUB,expense,posted,subscriptions,Облачное хранилище,Ежемесячная подписка,599,RUB,1,-599,debit,bank_csv,BATCH-202603-01,BANK-202603-000100,,false,false,
TRANSACTION-3102,2026-03-13,2026-03-13T13:31:00+03:00,U-1001,ACC-MAIN-RUB,expense,posted,restaurants,Бистро,Обед вне дома,1212,RUB,1,-1212,debit,bank_csv,BATCH-202603-01,BANK-202603-000102,,false,false,
TRANSACTION-3101,2026-03-13,2026-03-13T15:11:00+03:00,U-1001,ACC-MAIN-RUB,expense,posted,transport,Каршеринг,Короткая поездка,582,RUB,1,-582,debit,bank_csv,BATCH-202603-01,BANK-202603-000101,,false,false,
TRANSACTION-3103,2026-03-14,2026-03-14T18:44:00+03:00,U-1001,ACC-MAIN-RUB,expense,posted,groceries,Лента,Продукты и бытовые товары,3184,RUB,1,-3184,debit,bank_csv,BATCH-202603-01,BANK-202603-000103,,false,false,
TRANSACTION-3104,2026-03-15,2026-03-15T20:00:00+03:00,U-1001,ACC-MAIN-RUB,expense,posted,entertainment,Концертная площадка,Билет на мероприятие,1711,RUB,1,-1711,debit,bank_csv,BATCH-202603-01,BANK-202603-000104,,false,false,
TRANSACTION-3105,2026-03-16,2026-03-16T10:11:00+03:00,U-1001,ACC-MAIN-RUB,expense,posted,transport,Метро,Поездка на общественном транспорте,135,RUB,1,-135,debit,bank_csv,BATCH-202603-01,BANK-202603-000105,,false,false,
TRANSACTION-3106,2026-03-17,2026-03-17T07:00:00+03:00,U-1001,ACC-MAIN-RUB,expense,posted,subscriptions,Онлайн-кинотеатр,Ежемесячная подписка,799,RUB,1,-799,debit,bank_csv,BATCH-202603-01,BANK-202603-000106,,false,false,
TRANSACTION-3107,2026-03-17,2026-03-17T18:35:00+03:00,U-1001,ACC-MAIN-RUB,expense,posted,groceries,ВкусВилл,Покупка продуктов,5458,RUB,1,-5458,debit,bank_csv,BATCH-202603-01,BANK-202603-000107,,false,false,
TRANSACTION-3109,2026-03-18,2026-03-18T13:46:00+03:00,U-1001,ACC-MAIN-RUB,expense,posted,restaurants,Кофейня,Кофе и перекус,1225,RUB,1,-1225,debit,bank_csv,BATCH-202603-01,BANK-202603-000109,,false,false,
TRANSACTION-3108,2026-03-18,2026-03-18T16:26:00+03:00,U-1001,ACC-MAIN-RUB,expense,posted,transport,Метро,Поездка на общественном транспорте,108,RUB,1,-108,debit,bank_csv,BATCH-202603-01,BANK-202603-000108,,false,false,
TRANSACTION-3110,2026-03-19,2026-03-19T10:52:00+03:00,U-1001,ACC-MAIN-RUB,expense,posted,transport,Каршеринг,Короткая поездка,730,RUB,1,-730,debit,bank_csv,BATCH-202603-01,BANK-202603-000110,,false,false,
TRANSACTION-3111,2026-03-20,2026-03-20T10:00:00+03:00,U-1001,ACC-MAIN-RUB,income,posted,salary,Работодатель,"Зарплата, вторая часть",65000,RUB,1,65000,credit,bank_csv,BATCH-202603-01,BANK-202603-000111,,false,false,
TRANSACTION-3112,2026-03-20,2026-03-20T10:50:00+03:00,U-1001,ACC-MAIN-RUB,expense,posted,transport,Метро,Поездка на общественном транспорте,106,RUB,1,-106,debit,bank_csv,BATCH-202603-01,BANK-202603-000112,,false,false,
TRANSACTION-3113,2026-03-20,2026-03-20T13:31:00+03:00,U-1001,ACC-MAIN-RUB,expense,posted,restaurants,Бистро,Обед вне дома,1674,RUB,1,-1674,debit,bank_csv,BATCH-202603-01,BANK-202603-000113,,false,false,
TRANSACTION-3114,2026-03-21,2026-03-21T18:26:00+03:00,U-1001,ACC-MAIN-RUB,expense,posted,groceries,Рынок,Овощи и фрукты,4733,RUB,1,-4733,debit,bank_csv,BATCH-202603-01,BANK-202603-000114,,false,false,
TRANSACTION-3115,2026-03-22,2026-03-22T20:00:00+03:00,U-1001,ACC-MAIN-RUB,expense,posted,entertainment,Концертная площадка,Билет на мероприятие,2780,RUB,1,-2780,debit,bank_csv,BATCH-202603-01,BANK-202603-000115,,false,false,
TRANSACTION-3116,2026-03-23,2026-03-23T08:56:00+03:00,U-1001,ACC-MAIN-RUB,expense,posted,transport,Каршеринг,Короткая поездка,813,RUB,1,-813,debit,bank_csv,BATCH-202603-01,BANK-202603-000116,,false,false,
TRANSACTION-3117,2026-03-24,2026-03-24T12:48:00+03:00,U-1001,ACC-MAIN-RUB,expense,posted,transport,Такси,Поездка по городу,381,RUB,1,-381,debit,bank_csv,BATCH-202603-01,BANK-202603-000117,,false,false,
TRANSACTION-3118,2026-03-24,2026-03-24T18:16:00+03:00,U-1001,ACC-MAIN-RUB,expense,posted,groceries,Перекрёсток,Покупка продуктов,4334,RUB,1,-4334,debit,bank_csv,BATCH-202603-01,BANK-202603-000118,,false,false,
TRANSACTION-3119,2026-03-25,2026-03-25T10:26:00+03:00,U-1001,ACC-MAIN-RUB,expense,posted,transport,Каршеринг,Короткая поездка,960,RUB,1,-960,debit,bank_csv,BATCH-202603-01,BANK-202603-000119,,false,false,
TRANSACTION-3120,2026-03-25,2026-03-25T13:19:00+03:00,U-1001,ACC-MAIN-RUB,expense,posted,restaurants,Бистро,Обед вне дома,2215,RUB,1,-2215,debit,bank_csv,BATCH-202603-01,BANK-202603-000120,,false,false,
TRANSACTION-3121,2026-03-26,2026-03-26T16:13:00+03:00,U-1001,ACC-MAIN-RUB,expense,posted,transport,Такси,Поездка по городу,925,RUB,1,-925,debit,bank_csv,BATCH-202603-01,BANK-202603-000121,,false,false,
TRANSACTION-3123,2026-03-27,2026-03-27T13:24:00+03:00,U-1001,ACC-MAIN-RUB,expense,posted,restaurants,Кофейня,Кофе и перекус,2153,RUB,1,-2153,debit,bank_csv,BATCH-202603-01,BANK-202603-000123,,false,false,
TRANSACTION-3122,2026-03-27,2026-03-27T16:43:00+03:00,U-1001,ACC-MAIN-RUB,expense,posted,transport,Метро,Поездка на общественном транспорте,86,RUB,1,-86,debit,bank_csv,BATCH-202603-01,BANK-202603-000122,,false,false,
TRANSACTION-3124,2026-03-28,2026-03-28T18:59:00+03:00,U-1001,ACC-MAIN-RUB,expense,posted,groceries,Рынок,Овощи и фрукты,4584,RUB,1,-4584,debit,bank_csv,BATCH-202603-01,BANK-202603-000124,,false,false,
TRANSACTION-3125,2026-03-30,2026-03-30T10:53:00+03:00,U-1001,ACC-MAIN-RUB,expense,posted,transport,Каршеринг,Короткая поездка,948,RUB,1,-948,debit,bank_csv,BATCH-202603-01,BANK-202603-000125,,false,false,
TRANSACTION-3126,2026-03-31,2026-03-31T18:08:00+03:00,U-1001,ACC-MAIN-RUB,expense,posted,groceries,Перекрёсток,Покупка продуктов,2325,RUB,1,-2325,debit,bank_csv,BATCH-202603-01,BANK-202603-000126,,false,false,
TRANSACTION-3127,2026-04-01,2026-04-01T09:00:00+03:00,U-1001,ACC-MAIN-RUB,expense,posted,housing,Арендодатель,Ежемесячная аренда,55000,RUB,1,-55000,debit,bank_csv,BATCH-202604-01,BANK-202604-000127,,false,false,
TRANSACTION-3129,2026-04-01,2026-04-01T13:36:00+03:00,U-1001,ACC-MAIN-RUB,expense,posted,restaurants,Кофейня,Кофе и перекус,2325,RUB,1,-2325,debit,bank_csv,BATCH-202604-01,BANK-202604-000129,,false,false,
TRANSACTION-3128,2026-04-01,2026-04-01T14:20:00+03:00,U-1001,ACC-MAIN-RUB,expense,posted,transport,Каршеринг,Короткая поездка,382,RUB,1,-382,debit,bank_csv,BATCH-202604-01,BANK-202604-000128,,false,false,
TRANSACTION-3130,2026-04-02,2026-04-02T18:56:00+03:00,U-1001,ACC-MAIN-RUB,expense,posted,transport,Такси,Поездка по городу,1165,RUB,1,-1165,debit,bank_csv,BATCH-202604-01,BANK-202604-000130,,false,false,
TRANSACTION-3131,2026-04-03,2026-04-03T07:00:00+03:00,U-1001,ACC-MAIN-RUB,expense,posted,subscriptions,Музыка,Ежемесячная подписка,399,RUB,1,-399,debit,bank_csv,BATCH-202604-01,BANK-202604-000131,,false,false,
TRANSACTION-3132,2026-04-03,2026-04-03T11:23:00+03:00,U-1001,ACC-MAIN-RUB,expense,posted,transport,Метро,Поездка на общественном транспорте,108,RUB,1,-108,debit,bank_csv,BATCH-202604-01,BANK-202604-000132,,false,false,
TRANSACTION-3133,2026-04-03,2026-04-03T13:40:00+03:00,U-1001,ACC-MAIN-RUB,expense,posted,restaurants,Кофейня,Кофе и перекус,1335,RUB,1,-1335,debit,bank_csv,BATCH-202604-01,BANK-202604-000133,,false,false,
TRANSACTION-3134,2026-04-04,2026-04-04T18:25:00+03:00,U-1001,ACC-MAIN-RUB,expense,posted,groceries,Лента,Продукты и бытовые товары,4030,RUB,1,-4030,debit,bank_csv,BATCH-202604-01,BANK-202604-000134,,false,false,
TRANSACTION-3135,2026-04-05,2026-04-05T10:00:00+03:00,U-1001,ACC-MAIN-RUB,income,posted,salary,Работодатель,"Зарплата, первая часть",95000,RUB,1,95000,credit,bank_csv,BATCH-202604-01,BANK-202604-000135,,false,false,
TRANSACTION-3136,2026-04-06,2026-04-06T09:59:00+03:00,U-1001,ACC-MAIN-RUB,expense,posted,transport,Каршеринг,Короткая поездка,883,RUB,1,-883,debit,bank_csv,BATCH-202604-01,BANK-202604-000136,,false,false,
TRANSACTION-3137,2026-04-07,2026-04-07T13:30:00+03:00,U-1001,ACC-MAIN-RUB,expense,posted,transport,Такси,Поездка по городу,1056,RUB,1,-1056,debit,bank_csv,BATCH-202604-01,BANK-202604-000137,,false,false,
TRANSACTION-3138,2026-04-07,2026-04-07T18:51:00+03:00,U-1001,ACC-MAIN-RUB,expense,posted,groceries,Лента,Продукты и бытовые товары,4187,RUB,1,-4187,debit,bank_csv,BATCH-202604-01,BANK-202604-000138,,false,false,
TRANSACTION-3139,2026-04-08,2026-04-08T08:00:00+03:00,U-1001,ACC-MAIN-RUB,expense,posted,utilities,Коммунальные услуги,"Квартплата, вода и электричество",4780,RUB,1,-4780,debit,bank_csv,BATCH-202604-01,BANK-202604-000139,,false,false,
TRANSACTION-3140,2026-04-08,2026-04-08T13:26:00+03:00,U-1001,ACC-MAIN-RUB,expense,posted,restaurants,Бистро,Обед вне дома,1358,RUB,1,-1358,debit,bank_csv,BATCH-202604-01,BANK-202604-000140,,false,false,
TRANSACTION-3141,2026-04-09,2026-04-09T09:08:00+03:00,U-1001,ACC-MAIN-RUB,expense,posted,transport,Метро,Поездка на общественном транспорте,89,RUB,1,-89,debit,bank_csv,BATCH-202604-01,BANK-202604-000141,,false,false,
TRANSACTION-3142,2026-04-10,2026-04-10T12:44:00+03:00,U-1001,ACC-MAIN-RUB,expense,posted,transport,Такси,Поездка по городу,1054,RUB,1,-1054,debit,bank_csv,BATCH-202604-01,BANK-202604-000142,,false,false,
TRANSACTION-3143,2026-04-10,2026-04-10T13:38:00+03:00,U-1001,ACC-MAIN-RUB,expense,posted,restaurants,Бистро,Обед вне дома,1906,RUB,1,-1906,debit,bank_csv,BATCH-202604-01,BANK-202604-000143,,false,false,
TRANSACTION-3144,2026-04-11,2026-04-11T18:56:00+03:00,U-1001,ACC-MAIN-RUB,expense,posted,groceries,ВкусВилл,Покупка продуктов,4484,RUB,1,-4484,debit,bank_csv,BATCH-202604-01,BANK-202604-000144,,false,false,
TRANSACTION-3145,2026-04-12,2026-04-12T07:00:00+03:00,U-1001,ACC-MAIN-RUB,expense,posted,subscriptions,Облачное хранилище,Ежемесячная подписка,599,RUB,1,-599,debit,bank_csv,BATCH-202604-01,BANK-202604-000145,,false,false,
TRANSACTION-3146,2026-04-12,2026-04-12T20:00:00+03:00,U-1001,ACC-MAIN-RUB,expense,posted,entertainment,Книжный клуб,Встреча и мероприятие,2391,RUB,1,-2391,debit,bank_csv,BATCH-202604-01,BANK-202604-000146,,false,false,
TRANSACTION-3147,2026-04-13,2026-04-13T15:21:00+03:00,U-1001,ACC-MAIN-RUB,expense,posted,transport,Метро,Поездка на общественном транспорте,146,RUB,1,-146,debit,bank_csv,BATCH-202604-01,BANK-202604-000147,,false,false,
TRANSACTION-3149,2026-04-14,2026-04-14T18:33:00+03:00,U-1001,ACC-MAIN-RUB,expense,posted,groceries,Перекрёсток,Покупка продуктов,2525,RUB,1,-2525,debit,bank_csv,BATCH-202604-01,BANK-202604-000149,,false,false,
TRANSACTION-3148,2026-04-14,2026-04-14T18:45:00+03:00,U-1001,ACC-MAIN-RUB,expense,posted,transport,Каршеринг,Короткая поездка,946,RUB,1,-946,debit,bank_csv,BATCH-202604-01,BANK-202604-000148,,false,false,
TRANSACTION-3151,2026-04-15,2026-04-15T13:24:00+03:00,U-1001,ACC-MAIN-RUB,expense,posted,restaurants,Доставка еды,Доставка ужина,1786,RUB,1,-1786,debit,bank_csv,BATCH-202604-01,BANK-202604-000151,,false,false,
TRANSACTION-3150,2026-04-15,2026-04-15T13:41:00+03:00,U-1001,ACC-MAIN-RUB,expense,posted,transport,Такси,Поездка по городу,331,RUB,1,-331,debit,bank_csv,BATCH-202604-01,BANK-202604-000150,,false,false,
TRANSACTION-3152,2026-04-16,2026-04-16T12:34:00+03:00,U-1001,ACC-MAIN-RUB,expense,posted,transport,Такси,Поездка по городу,698,RUB,1,-698,debit,bank_csv,BATCH-202604-01,BANK-202604-000152,,false,false,
TRANSACTION-3153,2026-04-17,2026-04-17T07:00:00+03:00,U-1001,ACC-MAIN-RUB,expense,posted,subscriptions,Онлайн-кинотеатр,Ежемесячная подписка,799,RUB,1,-799,debit,bank_csv,BATCH-202604-01,BANK-202604-000153,,false,false,
TRANSACTION-3155,2026-04-17,2026-04-17T13:32:00+03:00,U-1001,ACC-MAIN-RUB,expense,posted,restaurants,Кофейня,Кофе и перекус,2178,RUB,1,-2178,debit,bank_csv,BATCH-202604-01,BANK-202604-000155,,false,false,
TRANSACTION-3154,2026-04-17,2026-04-17T15:04:00+03:00,U-1001,ACC-MAIN-RUB,expense,posted,transport,Метро,Поездка на общественном транспорте,133,RUB,1,-133,debit,bank_csv,BATCH-202604-01,BANK-202604-000154,,false,false,
TRANSACTION-3156,2026-04-18,2026-04-18T18:24:00+03:00,U-1001,ACC-MAIN-RUB,expense,posted,groceries,Перекрёсток,Покупка продуктов,4919,RUB,1,-4919,debit,bank_csv,BATCH-202604-01,BANK-202604-000156,,false,false,
TRANSACTION-3157,2026-04-19,2026-04-19T20:00:00+03:00,U-1001,ACC-MAIN-RUB,expense,posted,entertainment,Книжный клуб,Встреча и мероприятие,2483,RUB,1,-2483,debit,bank_csv,BATCH-202604-01,BANK-202604-000157,,false,false,
TRANSACTION-3158,2026-04-20,2026-04-20T10:00:00+03:00,U-1001,ACC-MAIN-RUB,income,posted,salary,Работодатель,"Зарплата, вторая часть",65000,RUB,1,65000,credit,bank_csv,BATCH-202604-01,BANK-202604-000158,,false,false,
TRANSACTION-3159,2026-04-20,2026-04-20T18:07:00+03:00,U-1001,ACC-MAIN-RUB,expense,posted,transport,Такси,Поездка по городу,1229,RUB,1,-1229,debit,bank_csv,BATCH-202604-01,BANK-202604-000159,,false,false,
TRANSACTION-3160,2026-04-21,2026-04-21T16:45:00+03:00,U-1001,ACC-MAIN-RUB,expense,posted,transport,Такси,Поездка по городу,672,RUB,1,-672,debit,bank_csv,BATCH-202604-01,BANK-202604-000160,,false,false,
TRANSACTION-3161,2026-04-21,2026-04-21T18:25:00+03:00,U-1001,ACC-MAIN-RUB,expense,posted,groceries,Лента,Продукты и бытовые товары,2196,RUB,1,-2196,debit,bank_csv,BATCH-202604-01,BANK-202604-000161,,false,false,
TRANSACTION-3163,2026-04-22,2026-04-22T13:19:00+03:00,U-1001,ACC-MAIN-RUB,expense,posted,restaurants,Бистро,Обед вне дома,2296,RUB,1,-2296,debit,bank_csv,BATCH-202604-01,BANK-202604-000163,,false,false,
TRANSACTION-3162,2026-04-22,2026-04-22T15:35:00+03:00,U-1001,ACC-MAIN-RUB,expense,posted,transport,Такси,Поездка по городу,551,RUB,1,-551,debit,bank_csv,BATCH-202604-01,BANK-202604-000162,,false,false,
TRANSACTION-3164,2026-04-23,2026-04-23T13:26:00+03:00,U-1001,ACC-MAIN-RUB,expense,posted,transport,Такси,Поездка по городу,803,RUB,1,-803,debit,bank_csv,BATCH-202604-01,BANK-202604-000164,,false,false,
TRANSACTION-3165,2026-04-24,2026-04-24T09:52:00+03:00,U-1001,ACC-MAIN-RUB,expense,posted,transport,Такси,Поездка по городу,766,RUB,1,-766,debit,bank_csv,BATCH-202604-01,BANK-202604-000165,,false,false,
TRANSACTION-3166,2026-04-24,2026-04-24T13:51:00+03:00,U-1001,ACC-MAIN-RUB,expense,posted,restaurants,Кофейня,Кофе и перекус,889,RUB,1,-889,debit,bank_csv,BATCH-202604-01,BANK-202604-000166,,false,false,
TRANSACTION-3167,2026-04-25,2026-04-25T18:43:00+03:00,U-1001,ACC-MAIN-RUB,expense,posted,groceries,ВкусВилл,Покупка продуктов,5710,RUB,1,-5710,debit,bank_csv,BATCH-202604-01,BANK-202604-000167,,false,false,
TRANSACTION-3168,2026-04-27,2026-04-27T18:02:00+03:00,U-1001,ACC-MAIN-RUB,expense,posted,transport,Метро,Поездка на общественном транспорте,140,RUB,1,-140,debit,bank_csv,BATCH-202604-01,BANK-202604-000168,,false,false,
TRANSACTION-3169,2026-04-28,2026-04-28T14:48:00+03:00,U-1001,ACC-MAIN-RUB,expense,posted,transport,Каршеринг,Короткая поездка,651,RUB,1,-651,debit,bank_csv,BATCH-202604-01,BANK-202604-000169,,false,false,
TRANSACTION-3170,2026-04-28,2026-04-28T18:14:00+03:00,U-1001,ACC-MAIN-RUB,expense,posted,groceries,Рынок,Овощи и фрукты,1980,RUB,1,-1980,debit,bank_csv,BATCH-202604-01,BANK-202604-000170,,false,false,
TRANSACTION-3172,2026-04-29,2026-04-29T13:18:00+03:00,U-1001,ACC-MAIN-RUB,expense,posted,restaurants,Кофейня,Кофе и перекус,2368,RUB,1,-2368,debit,bank_csv,BATCH-202604-01,BANK-202604-000172,,false,false,
TRANSACTION-3171,2026-04-29,2026-04-29T16:43:00+03:00,U-1001,ACC-MAIN-RUB,expense,posted,transport,Такси,Поездка по городу,962,RUB,1,-962,debit,bank_csv,BATCH-202604-01,BANK-202604-000171,,false,false,
TRANSACTION-3173,2026-04-30,2026-04-30T11:29:00+03:00,U-1001,ACC-MAIN-RUB,expense,posted,transport,Метро,Поездка на общественном транспорте,115,RUB,1,-115,debit,bank_csv,BATCH-202604-01,BANK-202604-000173,,false,false,
TRANSACTION-3174,2026-05-01,2026-05-01T09:00:00+03:00,U-1001,ACC-MAIN-RUB,expense,posted,housing,Арендодатель,Ежемесячная аренда,55000,RUB,1,-55000,debit,bank_csv,BATCH-202605-01,BANK-202605-000174,,false,false,
TRANSACTION-3176,2026-05-01,2026-05-01T13:06:00+03:00,U-1001,ACC-MAIN-RUB,expense,posted,restaurants,Кофейня,Кофе и перекус,1668,RUB,1,-1668,debit,bank_csv,BATCH-202605-01,BANK-202605-000176,,false,false,
TRANSACTION-3175,2026-05-01,2026-05-01T17:19:00+03:00,U-1001,ACC-MAIN-RUB,expense,posted,transport,Метро,Поездка на общественном транспорте,145,RUB,1,-145,debit,bank_csv,BATCH-202605-01,BANK-202605-000175,,false,false,
TRANSACTION-3177,2026-05-02,2026-05-02T18:47:00+03:00,U-1001,ACC-MAIN-RUB,expense,posted,groceries,Перекрёсток,Покупка продуктов,3847,RUB,1,-3847,debit,bank_csv,BATCH-202605-01,BANK-202605-000177,,false,false,
TRANSACTION-3178,2026-05-03,2026-05-03T07:00:00+03:00,U-1001,ACC-MAIN-RUB,expense,posted,subscriptions,Музыка,Ежемесячная подписка,399,RUB,1,-399,debit,bank_csv,BATCH-202605-01,BANK-202605-000178,,false,false,
TRANSACTION-3179,2026-05-04,2026-05-04T09:58:00+03:00,U-1001,ACC-MAIN-RUB,expense,posted,transport,Метро,Поездка на общественном транспорте,134,RUB,1,-134,debit,bank_csv,BATCH-202605-01,BANK-202605-000179,,false,false,
TRANSACTION-3180,2026-05-05,2026-05-05T10:00:00+03:00,U-1001,ACC-MAIN-RUB,income,posted,salary,Работодатель,"Зарплата, первая часть",95000,RUB,1,95000,credit,bank_csv,BATCH-202605-01,BANK-202605-000180,,false,false,
TRANSACTION-3182,2026-05-05,2026-05-05T18:16:00+03:00,U-1001,ACC-MAIN-RUB,expense,posted,groceries,ВкусВилл,Покупка продуктов,3202,RUB,1,-3202,debit,bank_csv,BATCH-202605-01,BANK-202605-000182,,false,false,
TRANSACTION-3181,2026-05-05,2026-05-05T18:46:00+03:00,U-1001,ACC-MAIN-RUB,expense,posted,transport,Метро,Поездка на общественном транспорте,143,RUB,1,-143,debit,bank_csv,BATCH-202605-01,BANK-202605-000181,,false,false,
TRANSACTION-3183,2026-05-06,2026-05-06T10:40:00+03:00,U-1001,ACC-MAIN-RUB,expense,posted,transport,Каршеринг,Короткая поездка,940,RUB,1,-940,debit,bank_csv,BATCH-202605-01,BANK-202605-000183,,false,false,
TRANSACTION-3184,2026-05-06,2026-05-06T13:12:00+03:00,U-1001,ACC-MAIN-RUB,expense,posted,restaurants,Бистро,Обед вне дома,1982,RUB,1,-1982,debit,bank_csv,BATCH-202605-01,BANK-202605-000184,,false,false,
TRANSACTION-3185,2026-05-07,2026-05-07T09:27:00+03:00,U-1001,ACC-MAIN-RUB,expense,posted,transport,Такси,Поездка по городу,517,RUB,1,-517,debit,bank_csv,BATCH-202605-01,BANK-202605-000185,,false,false,
TRANSACTION-3186,2026-05-08,2026-05-08T08:00:00+03:00,U-1001,ACC-MAIN-RUB,expense,posted,utilities,Коммунальные услуги,"Квартплата, вода и электричество",4900,RUB,1,-4900,debit,bank_csv,BATCH-202605-01,BANK-202605-000186,,false,false,
TRANSACTION-3188,2026-05-08,2026-05-08T13:03:00+03:00,U-1001,ACC-MAIN-RUB,expense,posted,restaurants,Кофейня,Кофе и перекус,2307,RUB,1,-2307,debit,bank_csv,BATCH-202605-01,BANK-202605-000188,,false,false,
TRANSACTION-3187,2026-05-08,2026-05-08T17:31:00+03:00,U-1001,ACC-MAIN-RUB,expense,posted,transport,Каршеринг,Короткая поездка,675,RUB,1,-675,debit,bank_csv,BATCH-202605-01,BANK-202605-000187,,false,false,
TRANSACTION-3189,2026-05-09,2026-05-09T18:36:00+03:00,U-1001,ACC-MAIN-RUB,expense,posted,groceries,ВкусВилл,Покупка продуктов,4767,RUB,1,-4767,debit,bank_csv,BATCH-202605-01,BANK-202605-000189,,false,false,
TRANSACTION-3190,2026-05-10,2026-05-10T20:00:00+03:00,U-1001,ACC-MAIN-RUB,expense,posted,entertainment,Книжный клуб,Встреча и мероприятие,2284,RUB,1,-2284,debit,bank_csv,BATCH-202605-01,BANK-202605-000190,,false,false,
TRANSACTION-3191,2026-05-12,2026-05-12T07:00:00+03:00,U-1001,ACC-MAIN-RUB,expense,posted,subscriptions,Облачное хранилище,Ежемесячная подписка,599,RUB,1,-599,debit,bank_csv,BATCH-202605-01,BANK-202605-000191,,false,false,
TRANSACTION-3192,2026-05-12,2026-05-12T09:04:00+03:00,U-1001,ACC-MAIN-RUB,expense,posted,transport,Каршеринг,Короткая поездка,720,RUB,1,-720,debit,bank_csv,BATCH-202605-01,BANK-202605-000192,,false,false,
TRANSACTION-3193,2026-05-12,2026-05-12T18:43:00+03:00,U-1001,ACC-MAIN-RUB,expense,posted,groceries,ВкусВилл,Покупка продуктов,3962,RUB,1,-3962,debit,bank_csv,BATCH-202605-01,BANK-202605-000193,,false,false,
TRANSACTION-3195,2026-05-13,2026-05-13T13:49:00+03:00,U-1001,ACC-MAIN-RUB,expense,posted,restaurants,Бистро,Обед вне дома,724,RUB,1,-724,debit,bank_csv,BATCH-202605-01,BANK-202605-000195,,false,false,
TRANSACTION-3194,2026-05-13,2026-05-13T17:12:00+03:00,U-1001,ACC-MAIN-RUB,expense,posted,transport,Такси,Поездка по городу,533,RUB,1,-533,debit,bank_csv,BATCH-202605-01,BANK-202605-000194,,false,false,
TRANSACTION-3196,2026-05-14,2026-05-14T18:23:00+03:00,U-1001,ACC-MAIN-RUB,expense,posted,transport,Такси,Поездка по городу,349,RUB,1,-349,debit,bank_csv,BATCH-202605-01,BANK-202605-000196,,false,false,
TRANSACTION-3198,2026-05-15,2026-05-15T13:57:00+03:00,U-1001,ACC-MAIN-RUB,expense,posted,restaurants,Кофейня,Кофе и перекус,755,RUB,1,-755,debit,bank_csv,BATCH-202605-01,BANK-202605-000198,,false,false,
TRANSACTION-3197,2026-05-15,2026-05-15T17:19:00+03:00,U-1001,ACC-MAIN-RUB,expense,posted,transport,Такси,Поездка по городу,1071,RUB,1,-1071,debit,bank_csv,BATCH-202605-01,BANK-202605-000197,,false,false,
TRANSACTION-3199,2026-05-16,2026-05-16T18:49:00+03:00,U-1001,ACC-MAIN-RUB,expense,posted,groceries,Рынок,Овощи и фрукты,5988,RUB,1,-5988,debit,bank_csv,BATCH-202605-01,BANK-202605-000199,,false,false,
TRANSACTION-3200,2026-05-17,2026-05-17T07:00:00+03:00,U-1001,ACC-MAIN-RUB,expense,posted,subscriptions,Онлайн-кинотеатр,Ежемесячная подписка,799,RUB,1,-799,debit,bank_csv,BATCH-202605-01,BANK-202605-000200,,false,false,
TRANSACTION-3201,2026-05-18,2026-05-18T13:12:00+03:00,U-1001,ACC-MAIN-RUB,expense,posted,transport,Каршеринг,Короткая поездка,618,RUB,1,-618,debit,bank_csv,BATCH-202605-01,BANK-202605-000201,,false,false,
TRANSACTION-3202,2026-05-19,2026-05-19T10:39:00+03:00,U-1001,ACC-MAIN-RUB,expense,posted,transport,Каршеринг,Короткая поездка,483,RUB,1,-483,debit,bank_csv,BATCH-202605-01,BANK-202605-000202,,false,false,
TRANSACTION-3203,2026-05-19,2026-05-19T18:02:00+03:00,U-1001,ACC-MAIN-RUB,expense,posted,groceries,Рынок,Овощи и фрукты,5938,RUB,1,-5938,debit,bank_csv,BATCH-202605-01,BANK-202605-000203,,false,false,
TRANSACTION-3205,2026-05-20,2026-05-20T08:57:00+03:00,U-1001,ACC-MAIN-RUB,expense,posted,transport,Метро,Поездка на общественном транспорте,81,RUB,1,-81,debit,bank_csv,BATCH-202605-01,BANK-202605-000205,,false,false,
TRANSACTION-3204,2026-05-20,2026-05-20T10:00:00+03:00,U-1001,ACC-MAIN-RUB,income,posted,salary,Работодатель,"Зарплата, вторая часть",65000,RUB,1,65000,credit,bank_csv,BATCH-202605-01,BANK-202605-000204,,false,false,
TRANSACTION-3206,2026-05-20,2026-05-20T13:47:00+03:00,U-1001,ACC-MAIN-RUB,expense,posted,restaurants,Доставка еды,Доставка ужина,1792,RUB,1,-1792,debit,bank_csv,BATCH-202605-01,BANK-202605-000206,,false,false,
TRANSACTION-3207,2026-05-21,2026-05-21T11:03:00+03:00,U-1001,ACC-MAIN-RUB,expense,posted,transport,Такси,Поездка по городу,782,RUB,1,-782,debit,bank_csv,BATCH-202605-01,BANK-202605-000207,,false,false,
TRANSACTION-3297,2026-05-21,2026-05-21T14:00:00+03:00,U-1001,ACC-MAIN-RUB,expense,posted,travel,РЖД,Билеты на выходные,18400,RUB,1,-18400,debit,bank_csv,BATCH-202605-01,BANK-202605-000297,,false,false,
TRANSACTION-3208,2026-05-22,2026-05-22T13:09:00+03:00,U-1001,ACC-MAIN-RUB,expense,posted,restaurants,Бистро,Обед вне дома,2053,RUB,1,-2053,debit,bank_csv,BATCH-202605-01,BANK-202605-000208,,false,false,
TRANSACTION-3298,2026-05-22,2026-05-22T15:00:00+03:00,U-1001,ACC-MAIN-RUB,expense,posted,travel,Отель,Проживание на выходных,22600,RUB,1,-22600,debit,bank_csv,BATCH-202605-01,BANK-202605-000298,,false,false,
TRANSACTION-3209,2026-05-23,2026-05-23T18:00:00+03:00,U-1001,ACC-MAIN-RUB,expense,posted,groceries,Лента,Продукты и бытовые товары,5802,RUB,1,-5802,debit,bank_csv,BATCH-202605-01,BANK-202605-000209,,false,false,
TRANSACTION-3210,2026-05-24,2026-05-24T20:00:00+03:00,U-1001,ACC-MAIN-RUB,expense,posted,entertainment,Книжный клуб,Встреча и мероприятие,1578,RUB,1,-1578,debit,bank_csv,BATCH-202605-01,BANK-202605-000210,,false,false,
TRANSACTION-3211,2026-05-25,2026-05-25T11:33:00+03:00,U-1001,ACC-MAIN-RUB,expense,posted,transport,Каршеринг,Короткая поездка,751,RUB,1,-751,debit,bank_csv,BATCH-202605-01,BANK-202605-000211,,false,false,
TRANSACTION-3212,2026-05-26,2026-05-26T13:36:00+03:00,U-1001,ACC-MAIN-RUB,expense,posted,transport,Каршеринг,Короткая поездка,316,RUB,1,-316,debit,bank_csv,BATCH-202605-01,BANK-202605-000212,,false,false,
TRANSACTION-3213,2026-05-26,2026-05-26T18:55:00+03:00,U-1001,ACC-MAIN-RUB,expense,posted,groceries,Лента,Продукты и бытовые товары,3690,RUB,1,-3690,debit,bank_csv,BATCH-202605-01,BANK-202605-000213,,false,false,
TRANSACTION-3214,2026-05-27,2026-05-27T08:44:00+03:00,U-1001,ACC-MAIN-RUB,expense,posted,transport,Метро,Поездка на общественном транспорте,140,RUB,1,-140,debit,bank_csv,BATCH-202605-01,BANK-202605-000214,,false,false,
TRANSACTION-3215,2026-05-27,2026-05-27T13:27:00+03:00,U-1001,ACC-MAIN-RUB,expense,posted,restaurants,Доставка еды,Доставка ужина,1855,RUB,1,-1855,debit,bank_csv,BATCH-202605-01,BANK-202605-000215,,false,false,
TRANSACTION-3216,2026-05-28,2026-05-28T09:47:00+03:00,U-1001,ACC-MAIN-RUB,expense,posted,transport,Такси,Поездка по городу,1153,RUB,1,-1153,debit,bank_csv,BATCH-202605-01,BANK-202605-000216,,false,false,
TRANSACTION-3218,2026-05-29,2026-05-29T13:07:00+03:00,U-1001,ACC-MAIN-RUB,expense,posted,restaurants,Доставка еды,Доставка ужина,1349,RUB,1,-1349,debit,bank_csv,BATCH-202605-01,BANK-202605-000218,,false,false,
TRANSACTION-3217,2026-05-29,2026-05-29T16:27:00+03:00,U-1001,ACC-MAIN-RUB,expense,posted,transport,Такси,Поездка по городу,974,RUB,1,-974,debit,bank_csv,BATCH-202605-01,BANK-202605-000217,,false,false,
TRANSACTION-3219,2026-05-30,2026-05-30T18:54:00+03:00,U-1001,ACC-MAIN-RUB,expense,posted,groceries,Рынок,Овощи и фрукты,2018,RUB,1,-2018,debit,bank_csv,BATCH-202605-01,BANK-202605-000219,,false,false,
TRANSACTION-3220,2026-05-31,2026-05-31T20:00:00+03:00,U-1001,ACC-MAIN-RUB,expense,posted,entertainment,Кинотеатр,Билеты в кино,3438,RUB,1,-3438,debit,bank_csv,BATCH-202605-01,BANK-202605-000220,,false,false,
TRANSACTION-3221,2026-06-01,2026-06-01T09:00:00+03:00,U-1001,ACC-MAIN-RUB,expense,posted,housing,Арендодатель,Ежемесячная аренда,55000,RUB,1,-55000,debit,bank_csv,BATCH-202606-01,BANK-202606-000221,,false,false,
TRANSACTION-3222,2026-06-01,2026-06-01T17:26:00+03:00,U-1001,ACC-MAIN-RUB,expense,posted,transport,Каршеринг,Короткая поездка,753,RUB,1,-753,debit,bank_csv,BATCH-202606-01,BANK-202606-000222,,false,false,
TRANSACTION-3223,2026-06-02,2026-06-02T15:16:00+03:00,U-1001,ACC-MAIN-RUB,expense,posted,transport,Такси,Поездка по городу,1036,RUB,1,-1036,debit,bank_csv,BATCH-202606-01,BANK-202606-000223,,false,false,
TRANSACTION-3224,2026-06-02,2026-06-02T18:12:00+03:00,U-1001,ACC-MAIN-RUB,expense,posted,groceries,Рынок,Овощи и фрукты,8013,RUB,1,-8013,debit,bank_csv,BATCH-202606-01,BANK-202606-000224,,false,false,
TRANSACTION-3225,2026-06-03,2026-06-03T07:00:00+03:00,U-1001,ACC-MAIN-RUB,expense,posted,subscriptions,Музыка,Ежемесячная подписка,399,RUB,1,-399,debit,bank_csv,BATCH-202606-01,BANK-202606-000225,,false,false,
TRANSACTION-3226,2026-06-03,2026-06-03T12:49:00+03:00,U-1001,ACC-MAIN-RUB,expense,posted,transport,Метро,Поездка на общественном транспорте,98,RUB,1,-98,debit,bank_csv,BATCH-202606-01,BANK-202606-000226,,false,false,
TRANSACTION-3227,2026-06-03,2026-06-03T13:29:00+03:00,U-1001,ACC-MAIN-RUB,expense,posted,restaurants,Кофейня,Кофе и перекус; больше офисных дней,2557,RUB,1,-2557,debit,bank_csv,BATCH-202606-01,BANK-202606-000227,,false,false,
TRANSACTION-3228,2026-06-04,2026-06-04T10:41:00+03:00,U-1001,ACC-MAIN-RUB,expense,posted,transport,Каршеринг,Короткая поездка,968,RUB,1,-968,debit,bank_csv,BATCH-202606-01,BANK-202606-000228,,false,false,
TRANSACTION-3229,2026-06-05,2026-06-05T10:00:00+03:00,U-1001,ACC-MAIN-RUB,income,posted,salary,Работодатель,"Зарплата, первая часть",95000,RUB,1,95000,credit,bank_csv,BATCH-202606-01,BANK-202606-000229,,false,false,
TRANSACTION-3231,2026-06-05,2026-06-05T13:36:00+03:00,U-1001,ACC-MAIN-RUB,expense,posted,restaurants,Доставка еды,Доставка ужина; больше офисных дней,1976,RUB,1,-1976,debit,bank_csv,BATCH-202606-01,BANK-202606-000231,,false,false,
TRANSACTION-3230,2026-06-05,2026-06-05T17:48:00+03:00,U-1001,ACC-MAIN-RUB,expense,posted,transport,Метро,Поездка на общественном транспорте,148,RUB,1,-148,debit,bank_csv,BATCH-202606-01,BANK-202606-000230,,false,false,
TRANSACTION-3232,2026-06-06,2026-06-06T18:47:00+03:00,U-1001,ACC-MAIN-RUB,expense,posted,groceries,ВкусВилл,Покупка продуктов,6357,RUB,1,-6357,debit,bank_csv,BATCH-202606-01,BANK-202606-000232,,false,false,
TRANSACTION-3233,2026-06-07,2026-06-07T20:00:00+03:00,U-1001,ACC-MAIN-RUB,expense,posted,entertainment,Книжный клуб,Встреча и мероприятие,3718,RUB,1,-3718,debit,bank_csv,BATCH-202606-01,BANK-202606-000233,,false,false,
TRANSACTION-3234,2026-06-08,2026-06-08T08:00:00+03:00,U-1001,ACC-MAIN-RUB,expense,posted,utilities,Коммунальные услуги,"Квартплата, вода и электричество",5020,RUB,1,-5020,debit,bank_csv,BATCH-202606-01,BANK-202606-000234,,false,false,
TRANSACTION-3235,2026-06-09,2026-06-09T18:18:00+03:00,U-1001,ACC-MAIN-RUB,expense,posted,groceries,Перекрёсток,Покупка продуктов,4283,RUB,1,-4283,debit,bank_csv,BATCH-202606-01,BANK-202606-000235,,false,false,
TRANSACTION-3237,2026-06-10,2026-06-10T13:06:00+03:00,U-1001,ACC-MAIN-RUB,expense,posted,restaurants,Бистро,Обед вне дома; больше офисных дней,2546,RUB,1,-2546,debit,bank_csv,BATCH-202606-01,BANK-202606-000237,,false,false,
TRANSACTION-3236,2026-06-10,2026-06-10T14:45:00+03:00,U-1001,ACC-MAIN-RUB,expense,posted,transport,Метро,Поездка на общественном транспорте,148,RUB,1,-148,debit,bank_csv,BATCH-202606-01,BANK-202606-000236,,false,false,
TRANSACTION-3238,2026-06-11,2026-06-11T17:54:00+03:00,U-1001,ACC-MAIN-RUB,expense,posted,transport,Метро,Поездка на общественном транспорте,80,RUB,1,-80,debit,bank_csv,BATCH-202606-01,BANK-202606-000238,,false,false,
TRANSACTION-3239,2026-06-12,2026-06-12T07:00:00+03:00,U-1001,ACC-MAIN-RUB,expense,posted,subscriptions,Облачное хранилище,Ежемесячная подписка,599,RUB,1,-599,debit,bank_csv,BATCH-202606-01,BANK-202606-000239,,false,false,
TRANSACTION-3240,2026-06-12,2026-06-12T10:50:00+03:00,U-1001,ACC-MAIN-RUB,expense,posted,transport,Такси,Поездка по городу,636,RUB,1,-636,debit,bank_csv,BATCH-202606-01,BANK-202606-000240,,false,false,
TRANSACTION-3241,2026-06-12,2026-06-12T13:12:00+03:00,U-1001,ACC-MAIN-RUB,expense,posted,restaurants,Бистро,Обед вне дома; больше офисных дней,3848,RUB,1,-3848,debit,bank_csv,BATCH-202606-01,BANK-202606-000241,,false,false,
TRANSACTION-3242,2026-06-13,2026-06-13T18:34:00+03:00,U-1001,ACC-MAIN-RUB,expense,posted,groceries,ВкусВилл,Покупка продуктов,5815,RUB,1,-5815,debit,bank_csv,BATCH-202606-01,BANK-202606-000242,,false,false,
TRANSACTION-3243,2026-06-16,2026-06-16T12:52:00+03:00,U-1001,ACC-MAIN-RUB,expense,posted,transport,Каршеринг,Короткая поездка,435,RUB,1,-435,debit,bank_csv,BATCH-202606-01,BANK-202606-000243,,false,false,
TRANSACTION-3244,2026-06-16,2026-06-16T18:33:00+03:00,U-1001,ACC-MAIN-RUB,expense,posted,groceries,Рынок,Овощи и фрукты,5602,RUB,1,-5602,debit,bank_csv,BATCH-202606-01,BANK-202606-000244,,false,false,
TRANSACTION-3245,2026-06-17,2026-06-17T07:00:00+03:00,U-1001,ACC-MAIN-RUB,expense,posted,subscriptions,Онлайн-кинотеатр,Ежемесячная подписка,799,RUB,1,-799,debit,bank_csv,BATCH-202606-01,BANK-202606-000245,,false,false,
TRANSACTION-3246,2026-06-17,2026-06-17T10:01:00+03:00,U-1001,ACC-MAIN-RUB,expense,posted,transport,Каршеринг,Короткая поездка,846,RUB,1,-846,debit,bank_csv,BATCH-202606-01,BANK-202606-000246,,false,false,
TRANSACTION-3247,2026-06-17,2026-06-17T13:11:00+03:00,U-1001,ACC-MAIN-RUB,expense,posted,restaurants,Бистро,Обед вне дома; больше офисных дней,4580,RUB,1,-4580,debit,bank_csv,BATCH-202606-01,BANK-202606-000247,,false,false,
TRANSACTION-3248,2026-06-18,2026-06-18T08:57:00+03:00,U-1001,ACC-MAIN-RUB,expense,posted,transport,Каршеринг,Короткая поездка,445,RUB,1,-445,debit,bank_csv,BATCH-202606-01,BANK-202606-000248,,false,false,
TRANSACTION-3250,2026-06-19,2026-06-19T13:35:00+03:00,U-1001,ACC-MAIN-RUB,expense,posted,restaurants,Бистро,Обед вне дома; больше офисных дней,4039,RUB,1,-4039,debit,bank_csv,BATCH-202606-01,BANK-202606-000250,,false,false,
TRANSACTION-3249,2026-06-19,2026-06-19T16:04:00+03:00,U-1001,ACC-MAIN-RUB,expense,posted,transport,Метро,Поездка на общественном транспорте,108,RUB,1,-108,debit,bank_csv,BATCH-202606-01,BANK-202606-000249,,false,false,
TRANSACTION-3251,2026-06-20,2026-06-20T10:00:00+03:00,U-1001,ACC-MAIN-RUB,income,posted,salary,Работодатель,"Зарплата, вторая часть",65000,RUB,1,65000,credit,bank_csv,BATCH-202606-01,BANK-202606-000251,,false,false,
TRANSACTION-3252,2026-06-20,2026-06-20T18:14:00+03:00,U-1001,ACC-MAIN-RUB,expense,posted,groceries,Рынок,Овощи и фрукты,7592,RUB,1,-7592,debit,bank_csv,BATCH-202606-01,BANK-202606-000252,,false,false,
TRANSACTION-3253,2026-06-22,2026-06-22T13:33:00+03:00,U-1001,ACC-MAIN-RUB,expense,posted,transport,Такси,Поездка по городу,491,RUB,1,-491,debit,bank_csv,BATCH-202606-01,BANK-202606-000253,,false,false,
TRANSACTION-3254,2026-06-23,2026-06-23T18:48:00+03:00,U-1001,ACC-MAIN-RUB,expense,posted,groceries,Перекрёсток,Покупка продуктов,4318,RUB,1,-4318,debit,bank_csv,BATCH-202606-01,BANK-202606-000254,,false,false,
TRANSACTION-3255,2026-06-24,2026-06-24T13:24:00+03:00,U-1001,ACC-MAIN-RUB,expense,posted,restaurants,Кофейня,Кофе и перекус; больше офисных дней,3883,RUB,1,-3883,debit,bank_csv,BATCH-202606-01,BANK-202606-000255,,false,false,
TRANSACTION-3256,2026-06-25,2026-06-25T12:14:00+03:00,U-1001,ACC-MAIN-RUB,expense,posted,transport,Такси,Поездка по городу,844,RUB,1,-844,debit,bank_csv,BATCH-202606-01,BANK-202606-000256,,false,false,
TRANSACTION-3258,2026-06-26,2026-06-26T13:35:00+03:00,U-1001,ACC-MAIN-RUB,expense,posted,restaurants,Кофейня,Кофе и перекус; больше офисных дней,2901,RUB,1,-2901,debit,bank_csv,BATCH-202606-01,BANK-202606-000258,,false,false,
TRANSACTION-3257,2026-06-26,2026-06-26T17:47:00+03:00,U-1001,ACC-MAIN-RUB,expense,posted,transport,Метро,Поездка на общественном транспорте,121,RUB,1,-121,debit,bank_csv,BATCH-202606-01,BANK-202606-000257,,false,false,
TRANSACTION-3259,2026-06-27,2026-06-27T18:37:00+03:00,U-1001,ACC-MAIN-RUB,expense,posted,groceries,Рынок,Овощи и фрукты,3274,RUB,1,-3274,debit,bank_csv,BATCH-202606-01,BANK-202606-000259,,false,false,
TRANSACTION-3299,2026-06-28,2026-06-28T19:00:00+03:00,U-1001,ACC-MAIN-RUB,expense,posted,electronics,Магазин электроники,Наушники,8990,RUB,1,-8990,debit,card_api,BATCH-202606-01,BANK-202606-000299,,false,false,
TRANSACTION-3260,2026-06-29,2026-06-29T17:00:00+03:00,U-1001,ACC-MAIN-RUB,expense,posted,transport,Каршеринг,Короткая поездка,673,RUB,1,-673,debit,bank_csv,BATCH-202606-01,BANK-202606-000260,,false,false,
TRANSACTION-3261,2026-06-30,2026-06-30T13:56:00+03:00,U-1001,ACC-MAIN-RUB,expense,posted,transport,Каршеринг,Короткая поездка,527,RUB,1,-527,debit,bank_csv,BATCH-202606-01,BANK-202606-000261,,false,false,
TRANSACTION-3262,2026-06-30,2026-06-30T18:17:00+03:00,U-1001,ACC-MAIN-RUB,expense,posted,groceries,Лента,Продукты и бытовые товары,5258,RUB,1,-5258,debit,bank_csv,BATCH-202606-01,BANK-202606-000262,,false,false,
TRANSACTION-3263,2026-07-01,2026-07-01T09:00:00+03:00,U-1001,ACC-MAIN-RUB,expense,posted,housing,Арендодатель,Ежемесячная аренда,55000,RUB,1,-55000,debit,bank_csv,BATCH-202607-01,BANK-202607-000263,,false,false,
TRANSACTION-3264,2026-07-01,2026-07-01T09:56:00+03:00,U-1001,ACC-MAIN-RUB,expense,posted,transport,Каршеринг,Короткая поездка,942,RUB,1,-942,debit,bank_csv,BATCH-202607-01,BANK-202607-000264,,false,false,
TRANSACTION-3265,2026-07-01,2026-07-01T13:22:00+03:00,U-1001,ACC-MAIN-RUB,expense,posted,restaurants,Бистро,Обед вне дома; больше офисных дней,2875,RUB,1,-2875,debit,bank_csv,BATCH-202607-01,BANK-202607-000265,,false,false,
TRANSACTION-3266,2026-07-02,2026-07-02T08:22:00+03:00,U-1001,ACC-MAIN-RUB,expense,posted,transport,Каршеринг,Короткая поездка,407,RUB,1,-407,debit,bank_csv,BATCH-202607-01,BANK-202607-000266,,false,false,
TRANSACTION-3309,2026-07-02,2026-07-02T11:00:00+03:00,U-1002,ACC-SECOND-RUB,expense,posted,housing,Арендодатель,Аренда второго пользователя,42000,RUB,1,-42000,debit,bank_csv,BATCH-U1002-202607,BANK-202607-000309,,false,false,
TRANSACTION-3267,2026-07-03,2026-07-03T07:00:00+03:00,U-1001,ACC-MAIN-RUB,expense,posted,subscriptions,Музыка,Ежемесячная подписка,399,RUB,1,-399,debit,bank_csv,BATCH-202607-01,BANK-202607-000267,,false,false,
TRANSACTION-3268,2026-07-03,2026-07-03T09:46:00+03:00,U-1001,ACC-MAIN-RUB,expense,posted,transport,Метро,Поездка на общественном транспорте,112,RUB,1,-112,debit,bank_csv,BATCH-202607-01,BANK-202607-000268,,false,false,
TRANSACTION-3269,2026-07-03,2026-07-03T13:13:00+03:00,U-1001,ACC-MAIN-RUB,expense,posted,restaurants,Кофейня,Кофе и перекус; больше офисных дней,2903,RUB,1,-2903,debit,bank_csv,BATCH-202607-01,BANK-202607-000269,,false,false,
TRANSACTION-3270,2026-07-04,2026-07-04T18:52:00+03:00,U-1001,ACC-MAIN-RUB,expense,posted,groceries,Перекрёсток,Покупка продуктов,5452,RUB,1,-5452,debit,bank_csv,BATCH-202607-01,BANK-202607-000270,,false,false,
TRANSACTION-3271,2026-07-05,2026-07-05T10:00:00+03:00,U-1001,ACC-MAIN-RUB,income,posted,salary,Работодатель,"Зарплата, первая часть",95000,RUB,1,95000,credit,bank_csv,BATCH-202607-01,BANK-202607-000271,,false,false,
TRANSACTION-3310,2026-07-05,2026-07-05T11:00:00+03:00,U-1002,ACC-SECOND-RUB,income,posted,salary,Работодатель B,Зарплата второго пользователя,118000,RUB,1,118000,credit,bank_csv,BATCH-U1002-202607,BANK-202607-000310,,false,false,
TRANSACTION-3272,2026-07-05,2026-07-05T20:00:00+03:00,U-1001,ACC-MAIN-RUB,expense,posted,entertainment,Книжный клуб,Встреча и мероприятие,3977,RUB,1,-3977,debit,bank_csv,BATCH-202607-01,BANK-202607-000272,,false,false,
TRANSACTION-3273,2026-07-06,2026-07-06T14:07:00+03:00,U-1001,ACC-MAIN-RUB,expense,posted,transport,Метро,Поездка на общественном транспорте,140,RUB,1,-140,debit,bank_csv,BATCH-202607-01,BANK-202607-000273,,false,false,
TRANSACTION-3311,2026-07-07,2026-07-07T11:00:00+03:00,U-1002,ACC-SECOND-RUB,expense,posted,groceries,Перекрёсток,Продукты второго пользователя,3870,RUB,1,-3870,debit,bank_csv,BATCH-U1002-202607,BANK-202607-000311,,false,false,
TRANSACTION-3274,2026-07-07,2026-07-07T16:46:00+03:00,U-1001,ACC-MAIN-RUB,expense,posted,transport,Каршеринг,Короткая поездка,705,RUB,1,-705,debit,bank_csv,BATCH-202607-01,BANK-202607-000274,,false,false,
TRANSACTION-3275,2026-07-07,2026-07-07T18:58:00+03:00,U-1001,ACC-MAIN-RUB,expense,posted,groceries,Лента,Продукты и бытовые товары,3301,RUB,1,-3301,debit,bank_csv,BATCH-202607-01,BANK-202607-000275,,false,false,
TRANSACTION-3276,2026-07-08,2026-07-08T08:00:00+03:00,U-1001,ACC-MAIN-RUB,expense,posted,utilities,Коммунальные услуги,"Квартплата, вода и электричество",5140,RUB,1,-5140,debit,bank_csv,BATCH-202607-01,BANK-202607-000276,,false,false,
TRANSACTION-3278,2026-07-08,2026-07-08T13:21:00+03:00,U-1001,ACC-MAIN-RUB,expense,posted,restaurants,Доставка еды,Доставка ужина; больше офисных дней,3306,RUB,1,-3306,debit,bank_csv,BATCH-202607-01,BANK-202607-000278,,false,false,
TRANSACTION-3277,2026-07-08,2026-07-08T16:50:00+03:00,U-1001,ACC-MAIN-RUB,expense,posted,transport,Каршеринг,Короткая поездка,556,RUB,1,-556,debit,bank_csv,BATCH-202607-01,BANK-202607-000277,,false,false,
TRANSACTION-3279,2026-07-09,2026-07-09T11:18:00+03:00,U-1001,ACC-MAIN-RUB,expense,posted,transport,Каршеринг,Короткая поездка,968,RUB,1,-968,debit,bank_csv,BATCH-202607-01,BANK-202607-000279,,false,false,
TRANSACTION-3312,2026-07-10,2026-07-10T11:00:00+03:00,U-1002,ACC-SECOND-RUB,expense,posted,transport,Метро,Транспорт второго пользователя,150,RUB,1,-150,debit,bank_csv,BATCH-U1002-202607,BANK-202607-000312,,false,false,
TRANSACTION-3281,2026-07-10,2026-07-10T13:28:00+03:00,U-1001,ACC-MAIN-RUB,expense,posted,restaurants,Кофейня,Кофе и перекус; больше офисных дней,4509,RUB,1,-4509,debit,bank_csv,BATCH-202607-01,BANK-202607-000281,,false,false,
TRANSACTION-3280,2026-07-10,2026-07-10T16:57:00+03:00,U-1001,ACC-MAIN-RUB,expense,posted,transport,Такси,Поездка по городу,653,RUB,1,-653,debit,bank_csv,BATCH-202607-01,BANK-202607-000280,,false,false,
TRANSACTION-3282,2026-07-11,2026-07-11T18:07:00+03:00,U-1001,ACC-MAIN-RUB,expense,posted,groceries,Лента,Продукты и бытовые товары,4654,RUB,1,-4654,debit,bank_csv,BATCH-202607-01,BANK-202607-000282,,false,false,
TRANSACTION-3283,2026-07-12,2026-07-12T07:00:00+03:00,U-1001,ACC-MAIN-RUB,expense,posted,subscriptions,Облачное хранилище,Ежемесячная подписка,599,RUB,1,-599,debit,bank_csv,BATCH-202607-01,BANK-202607-000283,,false,false,
TRANSACTION-3313,2026-07-12,2026-07-12T11:00:00+03:00,U-1002,ACC-SECOND-RUB,expense,posted,restaurants,Бистро,Обед второго пользователя,1290,RUB,1,-1290,debit,bank_csv,BATCH-U1002-202607,BANK-202607-000313,,false,false,
TRANSACTION-3284,2026-07-12,2026-07-12T20:00:00+03:00,U-1001,ACC-MAIN-RUB,expense,posted,entertainment,Кинотеатр,Билеты в кино,3198,RUB,1,-3198,debit,bank_csv,BATCH-202607-01,BANK-202607-000284,,false,false,
TRANSACTION-3285,2026-07-13,2026-07-13T08:11:00+03:00,U-1001,ACC-MAIN-RUB,expense,posted,transport,Такси,Поездка по городу,634,RUB,1,-634,debit,bank_csv,BATCH-202607-01,BANK-202607-000285,,false,false,
TRANSACTION-3314,2026-07-14,2026-07-14T11:00:00+03:00,U-1002,ACC-SECOND-RUB,expense,posted,health,Аптека,Покупка в аптеке,2140,RUB,1,-2140,debit,bank_csv,BATCH-U1002-202607,BANK-202607-000314,,false,false,
TRANSACTION-3286,2026-07-14,2026-07-14T17:24:00+03:00,U-1001,ACC-MAIN-RUB,expense,posted,transport,Метро,Поездка на общественном транспорте,115,RUB,1,-115,debit,bank_csv,BATCH-202607-01,BANK-202607-000286,,false,false,
TRANSACTION-3287,2026-07-14,2026-07-14T18:11:00+03:00,U-1001,ACC-MAIN-RUB,expense,posted,groceries,Перекрёсток,Покупка продуктов,3936,RUB,1,-3936,debit,bank_csv,BATCH-202607-01,BANK-202607-000287,,false,false,
TRANSACTION-3288,2026-07-15,2026-07-15T09:31:00+03:00,U-1001,ACC-MAIN-RUB,expense,posted,transport,Каршеринг,Короткая поездка,754,RUB,1,-754,debit,bank_csv,BATCH-202607-01,BANK-202607-000288,,false,false,
TRANSACTION-3307,2026-07-15,2026-07-15T10:00:00+03:00,U-1001,ACC-MAIN-RUB,transfer,posted,savings_transfer,Собственный накопительный счёт,Перевод между своими счетами,25000,RUB,1,-25000,debit,bank_api,BATCH-202607-01,BANK-202607-000307,,false,false,
TRANSACTION-3289,2026-07-15,2026-07-15T13:43:00+03:00,U-1001,ACC-MAIN-RUB,expense,posted,restaurants,Бистро,Обед вне дома; больше офисных дней,3488,RUB,1,-3488,debit,bank_csv,BATCH-202607-01,BANK-202607-000289,,false,false,
TRANSACTION-3290,2026-07-16,2026-07-16T09:49:00+03:00,U-1001,ACC-MAIN-RUB,expense,posted,transport,Метро,Поездка на общественном транспорте,87,RUB,1,-87,debit,bank_csv,BATCH-202607-01,BANK-202607-000290,,false,false,
TRANSACTION-3300,2026-07-16,2026-07-16T15:00:00+03:00,U-1001,ACC-MAIN-RUB,refund,pending,electronics,Магазин электроники,Возврат за наушники ожидает подтверждения,8990,RUB,1,8990,credit,card_api,BATCH-202607-01,BANK-202607-000300,TRANSACTION-3299,false,true,REFUND_PENDING
TRANSACTION-3291,2026-07-17,2026-07-17T07:00:00+03:00,U-1001,ACC-MAIN-RUB,expense,posted,subscriptions,Онлайн-кинотеатр,Ежемесячная подписка,799,RUB,1,-799,debit,bank_csv,BATCH-202607-01,BANK-202607-000291,,false,false,
TRANSACTION-3301,2026-07-17,2026-07-17T13:05:00+03:00,U-1001,ACC-MAIN-RUB,expense,posted,restaurants,Кофейня,Обед и кофе,1680,RUB,1,-1680,debit,bank_csv,BATCH-202607-02,BANK-DUP-20260717-COFFEE,,false,false,
TRANSACTION-3302,2026-07-17,2026-07-17T13:05:00+03:00,U-1001,ACC-MAIN-RUB,expense,posted,restaurants,Кофейня,Повтор строки при импорте,1680,RUB,1,-1680,debit,bank_csv,BATCH-202607-03,BANK-DUP-20260717-COFFEE,,true,true,DUPLICATE_IMPORT
TRANSACTION-3292,2026-07-17,2026-07-17T13:46:00+03:00,U-1001,ACC-MAIN-RUB,expense,posted,restaurants,Доставка еды,Доставка ужина; больше офисных дней,3394,RUB,1,-3394,debit,bank_csv,BATCH-202607-01,BANK-202607-000292,,false,false,
TRANSACTION-3303,2026-07-18,2026-07-18T12:00:00+03:00,U-1001,ACC-MAIN-RUB,expense,posted,travel,European Rail,Билет в евро; курс успешно применён,79.9,EUR,93.42,-7464.26,debit,card_api,BATCH-202607-01,BANK-202607-000303,,false,false,
TRANSACTION-3304,2026-07-18,2026-07-18T12:30:00+03:00,U-1001,ACC-MAIN-RUB,expense,failed,travel,Foreign Booking,Импорт отклонён: отсутствует валютный курс,49.99,EUR,,,debit,bank_csv,BATCH-202607-01,BANK-202607-000304,,false,true,FX_RATE_MISSING
TRANSACTION-3293,2026-07-18,2026-07-18T18:27:00+03:00,U-1001,ACC-MAIN-RUB,expense,posted,groceries,Лента,Продукты и бытовые товары,7697,RUB,1,-7697,debit,bank_csv,BATCH-202607-01,BANK-202607-000293,,false,false,
TRANSACTION-3308,2026-07-19,2026-07-19T18:00:00+03:00,U-1001,ACC-MAIN-RUB,expense,posted,uncategorized,,Наличные: назначение требует уточнения,3500,RUB,1,-3500,debit,manual,BATCH-202607-01,BANK-202607-000308,,false,true,CATEGORY_REQUIRED
TRANSACTION-3294,2026-07-19,2026-07-19T20:00:00+03:00,U-1001,ACC-MAIN-RUB,expense,posted,entertainment,Кинотеатр,Билеты в кино,4964,RUB,1,-4964,debit,bank_csv,BATCH-202607-01,BANK-202607-000294,,false,false,
TRANSACTION-3306,2026-07-19,2026-07-19T21:00:00+03:00,U-1001,ACC-MAIN-RUB,expense,failed,restaurants,Доставка еды,Банк отклонил оплату,2860,RUB,1,-2860,debit,card_api,BATCH-202607-01,BANK-202607-000306,,false,false,PAYMENT_DECLINED
TRANSACTION-3305,2026-07-19,2026-07-19T23:00:00+03:00,U-1001,ACC-MAIN-RUB,expense,pending,transport,Такси,Сумма ещё может измениться,1240,RUB,1,-1240,debit,card_api,BATCH-202607-01,BANK-202607-000305,,false,true,TRANSACTION_PENDING
